{
  "CGPA": 0.10004929969317433,
  "SSC_Marks": 0.11464205217423018,
  "HSC_Marks": 0.06244423862560174,
  "Internships": 0.03204456494351507,
  "Projects": 0.026970331257369577,
  "Workshops_Certifications": 0.03154023854095033,
  "AptitudeTestScore": 0.121808082997923,
  "SoftSkillsRating": 0.043783275704517,
  "Backlogs": 0.0265188112751613,
  "Academic_Score": 0.08470562884633925,
  "Experience_Score": 0.0660019198690729,
  "Skill_Score": 0.1124371580301334,
  "Overall_Score": 0.17413481720139046,
  "Has_Backlog": 0.0024246947906390337,
  "High_CGPA": 0.0004948860499824699,
  "Stream_Encoded": 0.0,
  "Gender_Encoded": 0.0
}